asset,referenced_in
"Assets/.DS_Store","add-lazy-loading.js"
"Assets/companies worked with/.DS_Store","add-lazy-loading.js"
"Assets/companies worked with/download-1.webp","index.html;como-cerrar-una-terraza-sin-obra.html;guillotine-glass.html;zip-screen.html;retractable-pvc-roof.html;guillotine-glass/index.html;como-cerrar-una-terraza-sin-obra/index.html;zip-screen/index.html;seo-generator/template.html;techos-retractiles/manilva/index.html;techos-retractiles/torremolinos/index.html;techos-retractiles/sabinillas/index.html;techos-retractiles/estepona/index.html;techos-retractiles/mijas/index.html;techos-retractiles/benalmadena/index.html;techos-retractiles/sotogrande/index.html;techos-retractiles/marbella/index.html;techos-retractiles/nerja/index.html;techos-retractiles/fuengirola/index.html;techos-retractiles/malaga/index.html;toldos-zip/manilva/index.html;toldos-zip/torremolinos/index.html;toldos-zip/sabinillas/index.html;toldos-zip/estepona/index.html;toldos-zip/mijas/index.html;toldos-zip/benalmadena/index.html;toldos-zip/sotogrande/index.html;toldos-zip/marbella/index.html;toldos-zip/nerja/index.html;toldos-zip/fuengirola/index.html;toldos-zip/malaga/index.html;retractable-pvc-roof/index.html;guillotina-de-cristal/manilva/index.html;guillotina-de-cristal/torremolinos/index.html;guillotina-de-cristal/sabinillas/index.html;guillotina-de-cristal/estepona/index.html;guillotina-de-cristal/mijas/index.html;guillotina-de-cristal/benalmadena/index.html;guillotina-de-cristal/sotogrande/index.html;guillotina-de-cristal/marbella/index.html;guillotina-de-cristal/nerja/index.html;guillotina-de-cristal/fuengirola/index.html;guillotina-de-cristal/malaga/index.html"
"Assets/companies worked with/el-paso.webp","index.html;seo-generator/template.html"
"Assets/companies worked with/ayun-marb.webp","index.html;seo-generator/template.html"
"Assets/companies worked with/InchBar.webp","index.html;seo-generator/template.html"
"Assets/companies worked with/download-4.webp","index.html;seo-generator/template.html"
"Assets/companies worked with/download.webp","blog.html;index.html;contact.html;fix-footer-glitch.py;bioclimatic.html;como-cerrar-una-terraza-sin-obra.html;guillotine-glass.html;permiso-comunidad-cerrar-terraza-andalucia.html;pergola-bioclimatica-vs-toldo-tradicional-costa-del-sol.html;glass-curtain-walls.html;politica-de-privacidad.html;company.html;zip-screen.html;paravientos-de-cristal.html;retractable-pvc-roof.html;paravientos-de-cristal/index.html;guillotine-glass/index.html;contact/index.html;precios-de-cerramientos-de-aluminio/index.html;recambios-para-cortinas-de-cristal/index.html;como-cerrar-una-terraza-sin-obra/index.html;dist/index.html;dist/cerramientos-de-cristal-estepona/index.html;dist/precios-de-cerramientos-de-aluminio/index.html;dist/recambios-para-cortinas-de-cristal/index.html;dist/como-cerrar-una-terraza-sin-obra/index.html;dist/paraviento-de-cristal-marbella/index.html;dist/paraviento-de-cristal-sotogrande/index.html;dist/cerramientos-de-cristal-mijas/index.html;dist/paraviento-de-cristal-fuengirola/index.html;dist/cortinas-de-cristal-inconvenientes/index.html;dist/paraviento-de-cristal-mijas/index.html;dist/pergolas-bioclimaticas-marbella/index.html;dist/cerramientos-de-cristal-marbella/index.html;dist/ideas-para-cerrar-un-porche-en-invierno/index.html;dist/pergolas-bioclimaticas-mijas/index.html;dist/cerramientos-de-terrazas-cristal-precio-m2/index.html;dist/cerramientos-de-cristal-fuengirola/index.html;dist/paraviento-de-cristal-estepona/index.html;dist/cerramientos-de-cristal-sotogrande/index.html;dist/pergolas-bioclimaticas-fuengirola/index.html;dist/pergolas-bioclimaticas-sotogrande/index.html;dist/pergolas-bioclimaticas-estepona/index.html;bioclimatic/index.html;zip-screen/index.html;seo-generator/template.html;cortinas-de-cristal-inconvenientes/index.html;techos-retractiles/manilva/index.html;techos-retractiles/torremolinos/index.html;techos-retractiles/sabinillas/index.html;techos-retractiles/estepona/index.html;techos-retractiles/mijas/index.html;techos-retractiles/benalmadena/index.html;techos-retractiles/sotogrande/index.html;techos-retractiles/marbella/index.html;techos-retractiles/nerja/index.html;techos-retractiles/fuengirola/index.html;techos-retractiles/malaga/index.html;blog/index.html;toldos-zip/manilva/index.html;toldos-zip/torremolinos/index.html;toldos-zip/sabinillas/index.html;toldos-zip/estepona/index.html;toldos-zip/mijas/index.html;toldos-zip/benalmadena/index.html;toldos-zip/sotogrande/index.html;toldos-zip/marbella/index.html;toldos-zip/nerja/index.html;toldos-zip/fuengirola/index.html;toldos-zip/malaga/index.html;ideas-para-cerrar-un-porche-en-invierno/index.html;cerramientos-de-terrazas-cristal-precio-m2/index.html;glass-curtain-walls/index.html;retractable-pvc-roof/index.html;company/index.html;guillotina-de-cristal/manilva/index.html;guillotina-de-cristal/torremolinos/index.html;guillotina-de-cristal/sabinillas/index.html;guillotina-de-cristal/estepona/index.html;guillotina-de-cristal/mijas/index.html;guillotina-de-cristal/benalmadena/index.html;guillotina-de-cristal/sotogrande/index.html;guillotina-de-cristal/marbella/index.html;guillotina-de-cristal/nerja/index.html;guillotina-de-cristal/fuengirola/index.html;guillotina-de-cristal/malaga/index.html"
"Assets/companies worked with/download-5.webp","index.html;seo-generator/template.html"
"Assets/companies worked with/download-2.webp","index.html;guillotine-glass.html;zip-screen.html;retractable-pvc-roof.html;guillotine-glass/index.html;zip-screen/index.html;seo-generator/template.html;techos-retractiles/manilva/index.html;techos-retractiles/torremolinos/index.html;techos-retractiles/sabinillas/index.html;techos-retractiles/estepona/index.html;techos-retractiles/mijas/index.html;techos-retractiles/benalmadena/index.html;techos-retractiles/sotogrande/index.html;techos-retractiles/marbella/index.html;techos-retractiles/nerja/index.html;techos-retractiles/fuengirola/index.html;techos-retractiles/malaga/index.html;toldos-zip/manilva/index.html;toldos-zip/torremolinos/index.html;toldos-zip/sabinillas/index.html;toldos-zip/estepona/index.html;toldos-zip/mijas/index.html;toldos-zip/benalmadena/index.html;toldos-zip/sotogrande/index.html;toldos-zip/marbella/index.html;toldos-zip/nerja/index.html;toldos-zip/fuengirola/index.html;toldos-zip/malaga/index.html;retractable-pvc-roof/index.html;guillotina-de-cristal/manilva/index.html;guillotina-de-cristal/torremolinos/index.html;guillotina-de-cristal/sabinillas/index.html;guillotina-de-cristal/estepona/index.html;guillotina-de-cristal/mijas/index.html;guillotina-de-cristal/benalmadena/index.html;guillotina-de-cristal/sotogrande/index.html;guillotina-de-cristal/marbella/index.html;guillotina-de-cristal/nerja/index.html;guillotina-de-cristal/fuengirola/index.html;guillotina-de-cristal/malaga/index.html"
"Assets/companies worked with/download-3.webp","index.html;guillotine-glass.html;guillotine-glass/index.html;seo-generator/template.html;guillotina-de-cristal/manilva/index.html;guillotina-de-cristal/torremolinos/index.html;guillotina-de-cristal/sabinillas/index.html;guillotina-de-cristal/estepona/index.html;guillotina-de-cristal/mijas/index.html;guillotina-de-cristal/benalmadena/index.html;guillotina-de-cristal/sotogrande/index.html;guillotina-de-cristal/marbella/index.html;guillotina-de-cristal/nerja/index.html;guillotina-de-cristal/fuengirola/index.html;guillotina-de-cristal/malaga/index.html"
"Assets/products/.DS_Store","add-lazy-loading.js"
"Assets/products/Guillotine-Style Glass Windows/Guillotina vid.mp4",".gitignore"
"Assets/products/Guillotine-Style Glass Windows/.DS_Store","add-lazy-loading.js"
"Assets/products/Guillotine-Style Glass Windows/download-1.webp","index.html;como-cerrar-una-terraza-sin-obra.html;guillotine-glass.html;zip-screen.html;retractable-pvc-roof.html;guillotine-glass/index.html;como-cerrar-una-terraza-sin-obra/index.html;zip-screen/index.html;seo-generator/template.html;techos-retractiles/manilva/index.html;techos-retractiles/torremolinos/index.html;techos-retractiles/sabinillas/index.html;techos-retractiles/estepona/index.html;techos-retractiles/mijas/index.html;techos-retractiles/benalmadena/index.html;techos-retractiles/sotogrande/index.html;techos-retractiles/marbella/index.html;techos-retractiles/nerja/index.html;techos-retractiles/fuengirola/index.html;techos-retractiles/malaga/index.html;toldos-zip/manilva/index.html;toldos-zip/torremolinos/index.html;toldos-zip/sabinillas/index.html;toldos-zip/estepona/index.html;toldos-zip/mijas/index.html;toldos-zip/benalmadena/index.html;toldos-zip/sotogrande/index.html;toldos-zip/marbella/index.html;toldos-zip/nerja/index.html;toldos-zip/fuengirola/index.html;toldos-zip/malaga/index.html;retractable-pvc-roof/index.html;guillotina-de-cristal/manilva/index.html;guillotina-de-cristal/torremolinos/index.html;guillotina-de-cristal/sabinillas/index.html;guillotina-de-cristal/estepona/index.html;guillotina-de-cristal/mijas/index.html;guillotina-de-cristal/benalmadena/index.html;guillotina-de-cristal/sotogrande/index.html;guillotina-de-cristal/marbella/index.html;guillotina-de-cristal/nerja/index.html;guillotina-de-cristal/fuengirola/index.html;guillotina-de-cristal/malaga/index.html"
"Assets/products/Guillotine-Style Glass Windows/download.webp","blog.html;index.html;contact.html;fix-footer-glitch.py;bioclimatic.html;como-cerrar-una-terraza-sin-obra.html;guillotine-glass.html;permiso-comunidad-cerrar-terraza-andalucia.html;pergola-bioclimatica-vs-toldo-tradicional-costa-del-sol.html;glass-curtain-walls.html;politica-de-privacidad.html;company.html;zip-screen.html;paravientos-de-cristal.html;retractable-pvc-roof.html;paravientos-de-cristal/index.html;guillotine-glass/index.html;contact/index.html;precios-de-cerramientos-de-aluminio/index.html;recambios-para-cortinas-de-cristal/index.html;como-cerrar-una-terraza-sin-obra/index.html;dist/index.html;dist/cerramientos-de-cristal-estepona/index.html;dist/precios-de-cerramientos-de-aluminio/index.html;dist/recambios-para-cortinas-de-cristal/index.html;dist/como-cerrar-una-terraza-sin-obra/index.html;dist/paraviento-de-cristal-marbella/index.html;dist/paraviento-de-cristal-sotogrande/index.html;dist/cerramientos-de-cristal-mijas/index.html;dist/paraviento-de-cristal-fuengirola/index.html;dist/cortinas-de-cristal-inconvenientes/index.html;dist/paraviento-de-cristal-mijas/index.html;dist/pergolas-bioclimaticas-marbella/index.html;dist/cerramientos-de-cristal-marbella/index.html;dist/ideas-para-cerrar-un-porche-en-invierno/index.html;dist/pergolas-bioclimaticas-mijas/index.html;dist/cerramientos-de-terrazas-cristal-precio-m2/index.html;dist/cerramientos-de-cristal-fuengirola/index.html;dist/paraviento-de-cristal-estepona/index.html;dist/cerramientos-de-cristal-sotogrande/index.html;dist/pergolas-bioclimaticas-fuengirola/index.html;dist/pergolas-bioclimaticas-sotogrande/index.html;dist/pergolas-bioclimaticas-estepona/index.html;bioclimatic/index.html;zip-screen/index.html;seo-generator/template.html;cortinas-de-cristal-inconvenientes/index.html;techos-retractiles/manilva/index.html;techos-retractiles/torremolinos/index.html;techos-retractiles/sabinillas/index.html;techos-retractiles/estepona/index.html;techos-retractiles/mijas/index.html;techos-retractiles/benalmadena/index.html;techos-retractiles/sotogrande/index.html;techos-retractiles/marbella/index.html;techos-retractiles/nerja/index.html;techos-retractiles/fuengirola/index.html;techos-retractiles/malaga/index.html;blog/index.html;toldos-zip/manilva/index.html;toldos-zip/torremolinos/index.html;toldos-zip/sabinillas/index.html;toldos-zip/estepona/index.html;toldos-zip/mijas/index.html;toldos-zip/benalmadena/index.html;toldos-zip/sotogrande/index.html;toldos-zip/marbella/index.html;toldos-zip/nerja/index.html;toldos-zip/fuengirola/index.html;toldos-zip/malaga/index.html;ideas-para-cerrar-un-porche-en-invierno/index.html;cerramientos-de-terrazas-cristal-precio-m2/index.html;glass-curtain-walls/index.html;retractable-pvc-roof/index.html;company/index.html;guillotina-de-cristal/manilva/index.html;guillotina-de-cristal/torremolinos/index.html;guillotina-de-cristal/sabinillas/index.html;guillotina-de-cristal/estepona/index.html;guillotina-de-cristal/mijas/index.html;guillotina-de-cristal/benalmadena/index.html;guillotina-de-cristal/sotogrande/index.html;guillotina-de-cristal/marbella/index.html;guillotina-de-cristal/nerja/index.html;guillotina-de-cristal/fuengirola/index.html;guillotina-de-cristal/malaga/index.html"
"Assets/products/Guillotine-Style Glass Windows/download-2.webp","index.html;guillotine-glass.html;zip-screen.html;retractable-pvc-roof.html;guillotine-glass/index.html;zip-screen/index.html;seo-generator/template.html;techos-retractiles/manilva/index.html;techos-retractiles/torremolinos/index.html;techos-retractiles/sabinillas/index.html;techos-retractiles/estepona/index.html;techos-retractiles/mijas/index.html;techos-retractiles/benalmadena/index.html;techos-retractiles/sotogrande/index.html;techos-retractiles/marbella/index.html;techos-retractiles/nerja/index.html;techos-retractiles/fuengirola/index.html;techos-retractiles/malaga/index.html;toldos-zip/manilva/index.html;toldos-zip/torremolinos/index.html;toldos-zip/sabinillas/index.html;toldos-zip/estepona/index.html;toldos-zip/mijas/index.html;toldos-zip/benalmadena/index.html;toldos-zip/sotogrande/index.html;toldos-zip/marbella/index.html;toldos-zip/nerja/index.html;toldos-zip/fuengirola/index.html;toldos-zip/malaga/index.html;retractable-pvc-roof/index.html;guillotina-de-cristal/manilva/index.html;guillotina-de-cristal/torremolinos/index.html;guillotina-de-cristal/sabinillas/index.html;guillotina-de-cristal/estepona/index.html;guillotina-de-cristal/mijas/index.html;guillotina-de-cristal/benalmadena/index.html;guillotina-de-cristal/sotogrande/index.html;guillotina-de-cristal/marbella/index.html;guillotina-de-cristal/nerja/index.html;guillotina-de-cristal/fuengirola/index.html;guillotina-de-cristal/malaga/index.html"
"Assets/products/Guillotine-Style Glass Windows/c1.jpg","blog.html;guillotine-glass.html;permiso-comunidad-cerrar-terraza-andalucia.html;guillotine-glass/index.html;recambios-para-cortinas-de-cristal/index.html;guillotina-de-cristal/manilva/index.html;guillotina-de-cristal/torremolinos/index.html;guillotina-de-cristal/sabinillas/index.html;guillotina-de-cristal/estepona/index.html;guillotina-de-cristal/mijas/index.html;guillotina-de-cristal/benalmadena/index.html;guillotina-de-cristal/sotogrande/index.html;guillotina-de-cristal/marbella/index.html;guillotina-de-cristal/nerja/index.html;guillotina-de-cristal/fuengirola/index.html;guillotina-de-cristal/malaga/index.html"
"Assets/products/Guillotine-Style Glass Windows/download-3.webp","index.html;guillotine-glass.html;guillotine-glass/index.html;seo-generator/template.html;guillotina-de-cristal/manilva/index.html;guillotina-de-cristal/torremolinos/index.html;guillotina-de-cristal/sabinillas/index.html;guillotina-de-cristal/estepona/index.html;guillotina-de-cristal/mijas/index.html;guillotina-de-cristal/benalmadena/index.html;guillotina-de-cristal/sotogrande/index.html;guillotina-de-cristal/marbella/index.html;guillotina-de-cristal/nerja/index.html;guillotina-de-cristal/fuengirola/index.html;guillotina-de-cristal/malaga/index.html"
"Assets/products/bioclimatic/.DS_Store","add-lazy-loading.js"
"Assets/products/bioclimatic/6-7-q3txhvg942h7t68mc5h2mtb9cl01uqgwnz5qv1p8rk.webp","bioclimatic.html;bioclimatic/index.html"
"Assets/products/bioclimatic/5-1-q3txhuiex8fxhk9zhn2g2bjsr74on1d6bui9drqmxs.webp","blog.html;bioclimatic.html;pergola-bioclimatica-vs-toldo-tradicional-costa-del-sol.html;bioclimatic/index.html"
"Assets/products/bioclimatic/p3.jpg","bioclimatic.html;bioclimatic/index.html"
"Assets/products/bioclimatic/p2.jpg",""
"Assets/products/bioclimatic/p1.jpg",""
"Assets/products/bioclimatic/1-5-q3txhpt7z29hvigt931b7uqhs9rukjuin78tzdxlsw.webp","blog.html;bioclimatic.html;pergola-bioclimatica-vs-toldo-tradicional-costa-del-sol.html;bioclimatic/index.html"
"Assets/products/bioclimatic/download.webp","blog.html;index.html;contact.html;fix-footer-glitch.py;bioclimatic.html;como-cerrar-una-terraza-sin-obra.html;guillotine-glass.html;permiso-comunidad-cerrar-terraza-andalucia.html;pergola-bioclimatica-vs-toldo-tradicional-costa-del-sol.html;glass-curtain-walls.html;politica-de-privacidad.html;company.html;zip-screen.html;paravientos-de-cristal.html;retractable-pvc-roof.html;paravientos-de-cristal/index.html;guillotine-glass/index.html;contact/index.html;precios-de-cerramientos-de-aluminio/index.html;recambios-para-cortinas-de-cristal/index.html;como-cerrar-una-terraza-sin-obra/index.html;dist/index.html;dist/cerramientos-de-cristal-estepona/index.html;dist/precios-de-cerramientos-de-aluminio/index.html;dist/recambios-para-cortinas-de-cristal/index.html;dist/como-cerrar-una-terraza-sin-obra/index.html;dist/paraviento-de-cristal-marbella/index.html;dist/paraviento-de-cristal-sotogrande/index.html;dist/cerramientos-de-cristal-mijas/index.html;dist/paraviento-de-cristal-fuengirola/index.html;dist/cortinas-de-cristal-inconvenientes/index.html;dist/paraviento-de-cristal-mijas/index.html;dist/pergolas-bioclimaticas-marbella/index.html;dist/cerramientos-de-cristal-marbella/index.html;dist/ideas-para-cerrar-un-porche-en-invierno/index.html;dist/pergolas-bioclimaticas-mijas/index.html;dist/cerramientos-de-terrazas-cristal-precio-m2/index.html;dist/cerramientos-de-cristal-fuengirola/index.html;dist/paraviento-de-cristal-estepona/index.html;dist/cerramientos-de-cristal-sotogrande/index.html;dist/pergolas-bioclimaticas-fuengirola/index.html;dist/pergolas-bioclimaticas-sotogrande/index.html;dist/pergolas-bioclimaticas-estepona/index.html;bioclimatic/index.html;zip-screen/index.html;seo-generator/template.html;cortinas-de-cristal-inconvenientes/index.html;techos-retractiles/manilva/index.html;techos-retractiles/torremolinos/index.html;techos-retractiles/sabinillas/index.html;techos-retractiles/estepona/index.html;techos-retractiles/mijas/index.html;techos-retractiles/benalmadena/index.html;techos-retractiles/sotogrande/index.html;techos-retractiles/marbella/index.html;techos-retractiles/nerja/index.html;techos-retractiles/fuengirola/index.html;techos-retractiles/malaga/index.html;blog/index.html;toldos-zip/manilva/index.html;toldos-zip/torremolinos/index.html;toldos-zip/sabinillas/index.html;toldos-zip/estepona/index.html;toldos-zip/mijas/index.html;toldos-zip/benalmadena/index.html;toldos-zip/sotogrande/index.html;toldos-zip/marbella/index.html;toldos-zip/nerja/index.html;toldos-zip/fuengirola/index.html;toldos-zip/malaga/index.html;ideas-para-cerrar-un-porche-en-invierno/index.html;cerramientos-de-terrazas-cristal-precio-m2/index.html;glass-curtain-walls/index.html;retractable-pvc-roof/index.html;company/index.html;guillotina-de-cristal/manilva/index.html;guillotina-de-cristal/torremolinos/index.html;guillotina-de-cristal/sabinillas/index.html;guillotina-de-cristal/estepona/index.html;guillotina-de-cristal/mijas/index.html;guillotina-de-cristal/benalmadena/index.html;guillotina-de-cristal/sotogrande/index.html;guillotina-de-cristal/marbella/index.html;guillotina-de-cristal/nerja/index.html;guillotina-de-cristal/fuengirola/index.html;guillotina-de-cristal/malaga/index.html"
"Assets/products/bioclimatic/p4.jpg",""
"Assets/products/bioclimatic/4-1-q3txhtkkqeen5ybcn4nthtsc5t9bfc9fzpurwhs140.webp","bioclimatic.html;pergola-bioclimatica-vs-toldo-tradicional-costa-del-sol.html;bioclimatic/index.html"
"Assets/products/bioclimatic/3b5d2e52-c696-4c55-9656-1aff0f25bf0f-q293n4lmwy5qs221ypmpotn5a65ier43mmp2eme9i8.webp","index.html;seo-generator/template.html"
"Assets/products/paraviento de criustal/a1.jpg","index.html;paravientos-de-cristal.html;paravientos-de-cristal/index.html;seo-generator/template.html"
"Assets/products/paraviento de criustal/paravientos_0000_OCT21_FLKe.webp","paravientos-de-cristal.html;paravientos-de-cristal/index.html"
"Assets/products/paraviento de criustal/.DS_Store","add-lazy-loading.js"
"Assets/products/paraviento de criustal/paravientos-terraza-cristal.jpg","index.html;como-cerrar-una-terraza-sin-obra.html;paravientos-de-cristal.html;paravientos-de-cristal/index.html;como-cerrar-una-terraza-sin-obra/index.html;seo-generator/template.html"
"Assets/products/paraviento de criustal/paraviento_flk_slide-945x420-1.webp","paravientos-de-cristal.html;paravientos-de-cristal/index.html"
"Assets/products/paraviento de criustal/paravientos-restaurante-cortavientos.webp","paravientos-de-cristal.html;paravientos-de-cristal/index.html"
"Assets/products/paraviento de criustal/02-5.webp","paravientos-de-cristal.html;paravientos-de-cristal/index.html"
"Assets/products/Retractable PVC Roof/.DS_Store","add-lazy-loading.js"
"Assets/products/Retractable PVC Roof/download-1.webp","index.html;como-cerrar-una-terraza-sin-obra.html;guillotine-glass.html;zip-screen.html;retractable-pvc-roof.html;guillotine-glass/index.html;como-cerrar-una-terraza-sin-obra/index.html;zip-screen/index.html;seo-generator/template.html;techos-retractiles/manilva/index.html;techos-retractiles/torremolinos/index.html;techos-retractiles/sabinillas/index.html;techos-retractiles/estepona/index.html;techos-retractiles/mijas/index.html;techos-retractiles/benalmadena/index.html;techos-retractiles/sotogrande/index.html;techos-retractiles/marbella/index.html;techos-retractiles/nerja/index.html;techos-retractiles/fuengirola/index.html;techos-retractiles/malaga/index.html;toldos-zip/manilva/index.html;toldos-zip/torremolinos/index.html;toldos-zip/sabinillas/index.html;toldos-zip/estepona/index.html;toldos-zip/mijas/index.html;toldos-zip/benalmadena/index.html;toldos-zip/sotogrande/index.html;toldos-zip/marbella/index.html;toldos-zip/nerja/index.html;toldos-zip/fuengirola/index.html;toldos-zip/malaga/index.html;retractable-pvc-roof/index.html;guillotina-de-cristal/manilva/index.html;guillotina-de-cristal/torremolinos/index.html;guillotina-de-cristal/sabinillas/index.html;guillotina-de-cristal/estepona/index.html;guillotina-de-cristal/mijas/index.html;guillotina-de-cristal/benalmadena/index.html;guillotina-de-cristal/sotogrande/index.html;guillotina-de-cristal/marbella/index.html;guillotina-de-cristal/nerja/index.html;guillotina-de-cristal/fuengirola/index.html;guillotina-de-cristal/malaga/index.html"
"Assets/products/Retractable PVC Roof/g1.jpg","retractable-pvc-roof.html;techos-retractiles/manilva/index.html;techos-retractiles/torremolinos/index.html;techos-retractiles/sabinillas/index.html;techos-retractiles/estepona/index.html;techos-retractiles/mijas/index.html;techos-retractiles/benalmadena/index.html;techos-retractiles/sotogrande/index.html;techos-retractiles/marbella/index.html;techos-retractiles/nerja/index.html;techos-retractiles/fuengirola/index.html;techos-retractiles/malaga/index.html;retractable-pvc-roof/index.html"
"Assets/products/Retractable PVC Roof/download.webp","blog.html;index.html;contact.html;fix-footer-glitch.py;bioclimatic.html;como-cerrar-una-terraza-sin-obra.html;guillotine-glass.html;permiso-comunidad-cerrar-terraza-andalucia.html;pergola-bioclimatica-vs-toldo-tradicional-costa-del-sol.html;glass-curtain-walls.html;politica-de-privacidad.html;company.html;zip-screen.html;paravientos-de-cristal.html;retractable-pvc-roof.html;paravientos-de-cristal/index.html;guillotine-glass/index.html;contact/index.html;precios-de-cerramientos-de-aluminio/index.html;recambios-para-cortinas-de-cristal/index.html;como-cerrar-una-terraza-sin-obra/index.html;dist/index.html;dist/cerramientos-de-cristal-estepona/index.html;dist/precios-de-cerramientos-de-aluminio/index.html;dist/recambios-para-cortinas-de-cristal/index.html;dist/como-cerrar-una-terraza-sin-obra/index.html;dist/paraviento-de-cristal-marbella/index.html;dist/paraviento-de-cristal-sotogrande/index.html;dist/cerramientos-de-cristal-mijas/index.html;dist/paraviento-de-cristal-fuengirola/index.html;dist/cortinas-de-cristal-inconvenientes/index.html;dist/paraviento-de-cristal-mijas/index.html;dist/pergolas-bioclimaticas-marbella/index.html;dist/cerramientos-de-cristal-marbella/index.html;dist/ideas-para-cerrar-un-porche-en-invierno/index.html;dist/pergolas-bioclimaticas-mijas/index.html;dist/cerramientos-de-terrazas-cristal-precio-m2/index.html;dist/cerramientos-de-cristal-fuengirola/index.html;dist/paraviento-de-cristal-estepona/index.html;dist/cerramientos-de-cristal-sotogrande/index.html;dist/pergolas-bioclimaticas-fuengirola/index.html;dist/pergolas-bioclimaticas-sotogrande/index.html;dist/pergolas-bioclimaticas-estepona/index.html;bioclimatic/index.html;zip-screen/index.html;seo-generator/template.html;cortinas-de-cristal-inconvenientes/index.html;techos-retractiles/manilva/index.html;techos-retractiles/torremolinos/index.html;techos-retractiles/sabinillas/index.html;techos-retractiles/estepona/index.html;techos-retractiles/mijas/index.html;techos-retractiles/benalmadena/index.html;techos-retractiles/sotogrande/index.html;techos-retractiles/marbella/index.html;techos-retractiles/nerja/index.html;techos-retractiles/fuengirola/index.html;techos-retractiles/malaga/index.html;blog/index.html;toldos-zip/manilva/index.html;toldos-zip/torremolinos/index.html;toldos-zip/sabinillas/index.html;toldos-zip/estepona/index.html;toldos-zip/mijas/index.html;toldos-zip/benalmadena/index.html;toldos-zip/sotogrande/index.html;toldos-zip/marbella/index.html;toldos-zip/nerja/index.html;toldos-zip/fuengirola/index.html;toldos-zip/malaga/index.html;ideas-para-cerrar-un-porche-en-invierno/index.html;cerramientos-de-terrazas-cristal-precio-m2/index.html;glass-curtain-walls/index.html;retractable-pvc-roof/index.html;company/index.html;guillotina-de-cristal/manilva/index.html;guillotina-de-cristal/torremolinos/index.html;guillotina-de-cristal/sabinillas/index.html;guillotina-de-cristal/estepona/index.html;guillotina-de-cristal/mijas/index.html;guillotina-de-cristal/benalmadena/index.html;guillotina-de-cristal/sotogrande/index.html;guillotina-de-cristal/marbella/index.html;guillotina-de-cristal/nerja/index.html;guillotina-de-cristal/fuengirola/index.html;guillotina-de-cristal/malaga/index.html"
"Assets/products/Retractable PVC Roof/download-2.webp","index.html;guillotine-glass.html;zip-screen.html;retractable-pvc-roof.html;guillotine-glass/index.html;zip-screen/index.html;seo-generator/template.html;techos-retractiles/manilva/index.html;techos-retractiles/torremolinos/index.html;techos-retractiles/sabinillas/index.html;techos-retractiles/estepona/index.html;techos-retractiles/mijas/index.html;techos-retractiles/benalmadena/index.html;techos-retractiles/sotogrande/index.html;techos-retractiles/marbella/index.html;techos-retractiles/nerja/index.html;techos-retractiles/fuengirola/index.html;techos-retractiles/malaga/index.html;toldos-zip/manilva/index.html;toldos-zip/torremolinos/index.html;toldos-zip/sabinillas/index.html;toldos-zip/estepona/index.html;toldos-zip/mijas/index.html;toldos-zip/benalmadena/index.html;toldos-zip/sotogrande/index.html;toldos-zip/marbella/index.html;toldos-zip/nerja/index.html;toldos-zip/fuengirola/index.html;toldos-zip/malaga/index.html;retractable-pvc-roof/index.html;guillotina-de-cristal/manilva/index.html;guillotina-de-cristal/torremolinos/index.html;guillotina-de-cristal/sabinillas/index.html;guillotina-de-cristal/estepona/index.html;guillotina-de-cristal/mijas/index.html;guillotina-de-cristal/benalmadena/index.html;guillotina-de-cristal/sotogrande/index.html;guillotina-de-cristal/marbella/index.html;guillotina-de-cristal/nerja/index.html;guillotina-de-cristal/fuengirola/index.html;guillotina-de-cristal/malaga/index.html"
"Assets/products/Retractable PVC Roof/Screenshot_2-1030x717.webp","pergola-bioclimatica-vs-toldo-tradicional-costa-del-sol.html;retractable-pvc-roof.html;techos-retractiles/manilva/index.html;techos-retractiles/torremolinos/index.html;techos-retractiles/sabinillas/index.html;techos-retractiles/estepona/index.html;techos-retractiles/mijas/index.html;techos-retractiles/benalmadena/index.html;techos-retractiles/sotogrande/index.html;techos-retractiles/marbella/index.html;techos-retractiles/nerja/index.html;techos-retractiles/fuengirola/index.html;techos-retractiles/malaga/index.html;retractable-pvc-roof/index.html"
"Assets/products/Retractable PVC Roof/download-3.webp","index.html;guillotine-glass.html;guillotine-glass/index.html;seo-generator/template.html;guillotina-de-cristal/manilva/index.html;guillotina-de-cristal/torremolinos/index.html;guillotina-de-cristal/sabinillas/index.html;guillotina-de-cristal/estepona/index.html;guillotina-de-cristal/mijas/index.html;guillotina-de-cristal/benalmadena/index.html;guillotina-de-cristal/sotogrande/index.html;guillotina-de-cristal/marbella/index.html;guillotina-de-cristal/nerja/index.html;guillotina-de-cristal/fuengirola/index.html;guillotina-de-cristal/malaga/index.html"
"Assets/products/glass curtain walls/.DS_Store","add-lazy-loading.js"
"Assets/products/glass curtain walls/5-1-768x436.jpg","index.html;permiso-comunidad-cerrar-terraza-andalucia.html;seo-generator/template.html;techos-retractiles/manilva/index.html;techos-retractiles/torremolinos/index.html;techos-retractiles/sabinillas/index.html;techos-retractiles/estepona/index.html;techos-retractiles/mijas/index.html;techos-retractiles/benalmadena/index.html;techos-retractiles/sotogrande/index.html;techos-retractiles/marbella/index.html;techos-retractiles/nerja/index.html;techos-retractiles/fuengirola/index.html;techos-retractiles/malaga/index.html;blog/index.html;toldos-zip/manilva/index.html;toldos-zip/torremolinos/index.html;toldos-zip/sabinillas/index.html;toldos-zip/estepona/index.html;toldos-zip/mijas/index.html;toldos-zip/benalmadena/index.html;toldos-zip/sotogrande/index.html;toldos-zip/marbella/index.html;toldos-zip/nerja/index.html;toldos-zip/fuengirola/index.html;toldos-zip/malaga/index.html;scripts/generate-landing-pages.js;guillotina-de-cristal/manilva/index.html;guillotina-de-cristal/torremolinos/index.html;guillotina-de-cristal/sabinillas/index.html;guillotina-de-cristal/estepona/index.html;guillotina-de-cristal/mijas/index.html;guillotina-de-cristal/benalmadena/index.html;guillotina-de-cristal/sotogrande/index.html;guillotina-de-cristal/marbella/index.html;guillotina-de-cristal/nerja/index.html;guillotina-de-cristal/fuengirola/index.html;guillotina-de-cristal/malaga/index.html"
"Assets/products/glass curtain walls/8-768x467.webp","pergola-bioclimatica-vs-toldo-tradicional-costa-del-sol.html;glass-curtain-walls.html;dist/cerramientos-de-terrazas-cristal-precio-m2/index.html;cerramientos-de-terrazas-cristal-precio-m2/index.html;glass-curtain-walls/index.html"
"Assets/products/glass curtain walls/p2h-768x636.webp","blog.html;glass-curtain-walls.html;precios-de-cerramientos-de-aluminio/index.html;dist/precios-de-cerramientos-de-aluminio/index.html;blog/index.html;cerramientos-de-terrazas-cristal-precio-m2/index.html;glass-curtain-walls/index.html"
"Assets/products/glass curtain walls/download.webp","blog.html;index.html;contact.html;fix-footer-glitch.py;bioclimatic.html;como-cerrar-una-terraza-sin-obra.html;guillotine-glass.html;permiso-comunidad-cerrar-terraza-andalucia.html;pergola-bioclimatica-vs-toldo-tradicional-costa-del-sol.html;glass-curtain-walls.html;politica-de-privacidad.html;company.html;zip-screen.html;paravientos-de-cristal.html;retractable-pvc-roof.html;paravientos-de-cristal/index.html;guillotine-glass/index.html;contact/index.html;precios-de-cerramientos-de-aluminio/index.html;recambios-para-cortinas-de-cristal/index.html;como-cerrar-una-terraza-sin-obra/index.html;dist/index.html;dist/cerramientos-de-cristal-estepona/index.html;dist/precios-de-cerramientos-de-aluminio/index.html;dist/recambios-para-cortinas-de-cristal/index.html;dist/como-cerrar-una-terraza-sin-obra/index.html;dist/paraviento-de-cristal-marbella/index.html;dist/paraviento-de-cristal-sotogrande/index.html;dist/cerramientos-de-cristal-mijas/index.html;dist/paraviento-de-cristal-fuengirola/index.html;dist/cortinas-de-cristal-inconvenientes/index.html;dist/paraviento-de-cristal-mijas/index.html;dist/pergolas-bioclimaticas-marbella/index.html;dist/cerramientos-de-cristal-marbella/index.html;dist/ideas-para-cerrar-un-porche-en-invierno/index.html;dist/pergolas-bioclimaticas-mijas/index.html;dist/cerramientos-de-terrazas-cristal-precio-m2/index.html;dist/cerramientos-de-cristal-fuengirola/index.html;dist/paraviento-de-cristal-estepona/index.html;dist/cerramientos-de-cristal-sotogrande/index.html;dist/pergolas-bioclimaticas-fuengirola/index.html;dist/pergolas-bioclimaticas-sotogrande/index.html;dist/pergolas-bioclimaticas-estepona/index.html;bioclimatic/index.html;zip-screen/index.html;seo-generator/template.html;cortinas-de-cristal-inconvenientes/index.html;techos-retractiles/manilva/index.html;techos-retractiles/torremolinos/index.html;techos-retractiles/sabinillas/index.html;techos-retractiles/estepona/index.html;techos-retractiles/mijas/index.html;techos-retractiles/benalmadena/index.html;techos-retractiles/sotogrande/index.html;techos-retractiles/marbella/index.html;techos-retractiles/nerja/index.html;techos-retractiles/fuengirola/index.html;techos-retractiles/malaga/index.html;blog/index.html;toldos-zip/manilva/index.html;toldos-zip/torremolinos/index.html;toldos-zip/sabinillas/index.html;toldos-zip/estepona/index.html;toldos-zip/mijas/index.html;toldos-zip/benalmadena/index.html;toldos-zip/sotogrande/index.html;toldos-zip/marbella/index.html;toldos-zip/nerja/index.html;toldos-zip/fuengirola/index.html;toldos-zip/malaga/index.html;ideas-para-cerrar-un-porche-en-invierno/index.html;cerramientos-de-terrazas-cristal-precio-m2/index.html;glass-curtain-walls/index.html;retractable-pvc-roof/index.html;company/index.html;guillotina-de-cristal/manilva/index.html;guillotina-de-cristal/torremolinos/index.html;guillotina-de-cristal/sabinillas/index.html;guillotina-de-cristal/estepona/index.html;guillotina-de-cristal/mijas/index.html;guillotina-de-cristal/benalmadena/index.html;guillotina-de-cristal/sotogrande/index.html;guillotina-de-cristal/marbella/index.html;guillotina-de-cristal/nerja/index.html;guillotina-de-cristal/fuengirola/index.html;guillotina-de-cristal/malaga/index.html"
"Assets/products/glass curtain walls/Cortinas de cristal con perfiles.jpg","contact.html;contact/index.html;cerramientos-de-terrazas-cristal-precio-m2/index.html"
"Assets/products/glass curtain walls/c1.jpg","blog.html;guillotine-glass.html;permiso-comunidad-cerrar-terraza-andalucia.html;guillotine-glass/index.html;recambios-para-cortinas-de-cristal/index.html;guillotina-de-cristal/manilva/index.html;guillotina-de-cristal/torremolinos/index.html;guillotina-de-cristal/sabinillas/index.html;guillotina-de-cristal/estepona/index.html;guillotina-de-cristal/mijas/index.html;guillotina-de-cristal/benalmadena/index.html;guillotina-de-cristal/sotogrande/index.html;guillotina-de-cristal/marbella/index.html;guillotina-de-cristal/nerja/index.html;guillotina-de-cristal/fuengirola/index.html;guillotina-de-cristal/malaga/index.html"
"Assets/products/glass curtain walls/v1.jpg","index.html;seo-generator/template.html"
"Assets/products/glass curtain walls/c2.jpg","blog.html;index.html;como-cerrar-una-terraza-sin-obra.html;precios-de-cerramientos-de-aluminio/index.html;como-cerrar-una-terraza-sin-obra/index.html;dist/como-cerrar-una-terraza-sin-obra/index.html;seo-generator/template.html"
"Assets/products/glass curtain walls/Cortinas-de-Cristal-Curvada-1-768x576.webp","index.html;glass-curtain-walls.html;seo-generator/template.html;blog/index.html;cerramientos-de-terrazas-cristal-precio-m2/index.html;glass-curtain-walls/index.html"
"Assets/products/glass curtain walls/c3.jpg","index.html;permiso-comunidad-cerrar-terraza-andalucia.html;seo-generator/template.html;cortinas-de-cristal-inconvenientes/index.html"
"Assets/products/zip screen/l1.jpg","index.html;seo-generator/template.html"
"Assets/products/zip screen/.DS_Store","add-lazy-loading.js"
"Assets/products/zip screen/download-1.webp","index.html;como-cerrar-una-terraza-sin-obra.html;guillotine-glass.html;zip-screen.html;retractable-pvc-roof.html;guillotine-glass/index.html;como-cerrar-una-terraza-sin-obra/index.html;zip-screen/index.html;seo-generator/template.html;techos-retractiles/manilva/index.html;techos-retractiles/torremolinos/index.html;techos-retractiles/sabinillas/index.html;techos-retractiles/estepona/index.html;techos-retractiles/mijas/index.html;techos-retractiles/benalmadena/index.html;techos-retractiles/sotogrande/index.html;techos-retractiles/marbella/index.html;techos-retractiles/nerja/index.html;techos-retractiles/fuengirola/index.html;techos-retractiles/malaga/index.html;toldos-zip/manilva/index.html;toldos-zip/torremolinos/index.html;toldos-zip/sabinillas/index.html;toldos-zip/estepona/index.html;toldos-zip/mijas/index.html;toldos-zip/benalmadena/index.html;toldos-zip/sotogrande/index.html;toldos-zip/marbella/index.html;toldos-zip/nerja/index.html;toldos-zip/fuengirola/index.html;toldos-zip/malaga/index.html;retractable-pvc-roof/index.html;guillotina-de-cristal/manilva/index.html;guillotina-de-cristal/torremolinos/index.html;guillotina-de-cristal/sabinillas/index.html;guillotina-de-cristal/estepona/index.html;guillotina-de-cristal/mijas/index.html;guillotina-de-cristal/benalmadena/index.html;guillotina-de-cristal/sotogrande/index.html;guillotina-de-cristal/marbella/index.html;guillotina-de-cristal/nerja/index.html;guillotina-de-cristal/fuengirola/index.html;guillotina-de-cristal/malaga/index.html"
"Assets/products/zip screen/Uso-Comercial-1030x718.webp","zip-screen.html;zip-screen/index.html;toldos-zip/manilva/index.html;toldos-zip/torremolinos/index.html;toldos-zip/sabinillas/index.html;toldos-zip/estepona/index.html;toldos-zip/mijas/index.html;toldos-zip/benalmadena/index.html;toldos-zip/sotogrande/index.html;toldos-zip/marbella/index.html;toldos-zip/nerja/index.html;toldos-zip/fuengirola/index.html;toldos-zip/malaga/index.html"
"Assets/products/zip screen/Uso-Residencial.webp","index.html;pergola-bioclimatica-vs-toldo-tradicional-costa-del-sol.html;zip-screen.html;zip-screen/index.html;seo-generator/template.html;toldos-zip/manilva/index.html;toldos-zip/torremolinos/index.html;toldos-zip/sabinillas/index.html;toldos-zip/estepona/index.html;toldos-zip/mijas/index.html;toldos-zip/benalmadena/index.html;toldos-zip/sotogrande/index.html;toldos-zip/marbella/index.html;toldos-zip/nerja/index.html;toldos-zip/fuengirola/index.html;toldos-zip/malaga/index.html"
"Assets/products/zip screen/download.webp","blog.html;index.html;contact.html;fix-footer-glitch.py;bioclimatic.html;como-cerrar-una-terraza-sin-obra.html;guillotine-glass.html;permiso-comunidad-cerrar-terraza-andalucia.html;pergola-bioclimatica-vs-toldo-tradicional-costa-del-sol.html;glass-curtain-walls.html;politica-de-privacidad.html;company.html;zip-screen.html;paravientos-de-cristal.html;retractable-pvc-roof.html;paravientos-de-cristal/index.html;guillotine-glass/index.html;contact/index.html;precios-de-cerramientos-de-aluminio/index.html;recambios-para-cortinas-de-cristal/index.html;como-cerrar-una-terraza-sin-obra/index.html;dist/index.html;dist/cerramientos-de-cristal-estepona/index.html;dist/precios-de-cerramientos-de-aluminio/index.html;dist/recambios-para-cortinas-de-cristal/index.html;dist/como-cerrar-una-terraza-sin-obra/index.html;dist/paraviento-de-cristal-marbella/index.html;dist/paraviento-de-cristal-sotogrande/index.html;dist/cerramientos-de-cristal-mijas/index.html;dist/paraviento-de-cristal-fuengirola/index.html;dist/cortinas-de-cristal-inconvenientes/index.html;dist/paraviento-de-cristal-mijas/index.html;dist/pergolas-bioclimaticas-marbella/index.html;dist/cerramientos-de-cristal-marbella/index.html;dist/ideas-para-cerrar-un-porche-en-invierno/index.html;dist/pergolas-bioclimaticas-mijas/index.html;dist/cerramientos-de-terrazas-cristal-precio-m2/index.html;dist/cerramientos-de-cristal-fuengirola/index.html;dist/paraviento-de-cristal-estepona/index.html;dist/cerramientos-de-cristal-sotogrande/index.html;dist/pergolas-bioclimaticas-fuengirola/index.html;dist/pergolas-bioclimaticas-sotogrande/index.html;dist/pergolas-bioclimaticas-estepona/index.html;bioclimatic/index.html;zip-screen/index.html;seo-generator/template.html;cortinas-de-cristal-inconvenientes/index.html;techos-retractiles/manilva/index.html;techos-retractiles/torremolinos/index.html;techos-retractiles/sabinillas/index.html;techos-retractiles/estepona/index.html;techos-retractiles/mijas/index.html;techos-retractiles/benalmadena/index.html;techos-retractiles/sotogrande/index.html;techos-retractiles/marbella/index.html;techos-retractiles/nerja/index.html;techos-retractiles/fuengirola/index.html;techos-retractiles/malaga/index.html;blog/index.html;toldos-zip/manilva/index.html;toldos-zip/torremolinos/index.html;toldos-zip/sabinillas/index.html;toldos-zip/estepona/index.html;toldos-zip/mijas/index.html;toldos-zip/benalmadena/index.html;toldos-zip/sotogrande/index.html;toldos-zip/marbella/index.html;toldos-zip/nerja/index.html;toldos-zip/fuengirola/index.html;toldos-zip/malaga/index.html;ideas-para-cerrar-un-porche-en-invierno/index.html;cerramientos-de-terrazas-cristal-precio-m2/index.html;glass-curtain-walls/index.html;retractable-pvc-roof/index.html;company/index.html;guillotina-de-cristal/manilva/index.html;guillotina-de-cristal/torremolinos/index.html;guillotina-de-cristal/sabinillas/index.html;guillotina-de-cristal/estepona/index.html;guillotina-de-cristal/mijas/index.html;guillotina-de-cristal/benalmadena/index.html;guillotina-de-cristal/sotogrande/index.html;guillotina-de-cristal/marbella/index.html;guillotina-de-cristal/nerja/index.html;guillotina-de-cristal/fuengirola/index.html;guillotina-de-cristal/malaga/index.html"
"Assets/products/zip screen/download-2.webp","index.html;guillotine-glass.html;zip-screen.html;retractable-pvc-roof.html;guillotine-glass/index.html;zip-screen/index.html;seo-generator/template.html;techos-retractiles/manilva/index.html;techos-retractiles/torremolinos/index.html;techos-retractiles/sabinillas/index.html;techos-retractiles/estepona/index.html;techos-retractiles/mijas/index.html;techos-retractiles/benalmadena/index.html;techos-retractiles/sotogrande/index.html;techos-retractiles/marbella/index.html;techos-retractiles/nerja/index.html;techos-retractiles/fuengirola/index.html;techos-retractiles/malaga/index.html;toldos-zip/manilva/index.html;toldos-zip/torremolinos/index.html;toldos-zip/sabinillas/index.html;toldos-zip/estepona/index.html;toldos-zip/mijas/index.html;toldos-zip/benalmadena/index.html;toldos-zip/sotogrande/index.html;toldos-zip/marbella/index.html;toldos-zip/nerja/index.html;toldos-zip/fuengirola/index.html;toldos-zip/malaga/index.html;retractable-pvc-roof/index.html;guillotina-de-cristal/manilva/index.html;guillotina-de-cristal/torremolinos/index.html;guillotina-de-cristal/sabinillas/index.html;guillotina-de-cristal/estepona/index.html;guillotina-de-cristal/mijas/index.html;guillotina-de-cristal/benalmadena/index.html;guillotina-de-cristal/sotogrande/index.html;guillotina-de-cristal/marbella/index.html;guillotina-de-cristal/nerja/index.html;guillotina-de-cristal/fuengirola/index.html;guillotina-de-cristal/malaga/index.html"
"Assets/logo/.DS_Store","add-lazy-loading.js"
"Assets/logo/download-1.webp","index.html;como-cerrar-una-terraza-sin-obra.html;guillotine-glass.html;zip-screen.html;retractable-pvc-roof.html;guillotine-glass/index.html;como-cerrar-una-terraza-sin-obra/index.html;zip-screen/index.html;seo-generator/template.html;techos-retractiles/manilva/index.html;techos-retractiles/torremolinos/index.html;techos-retractiles/sabinillas/index.html;techos-retractiles/estepona/index.html;techos-retractiles/mijas/index.html;techos-retractiles/benalmadena/index.html;techos-retractiles/sotogrande/index.html;techos-retractiles/marbella/index.html;techos-retractiles/nerja/index.html;techos-retractiles/fuengirola/index.html;techos-retractiles/malaga/index.html;toldos-zip/manilva/index.html;toldos-zip/torremolinos/index.html;toldos-zip/sabinillas/index.html;toldos-zip/estepona/index.html;toldos-zip/mijas/index.html;toldos-zip/benalmadena/index.html;toldos-zip/sotogrande/index.html;toldos-zip/marbella/index.html;toldos-zip/nerja/index.html;toldos-zip/fuengirola/index.html;toldos-zip/malaga/index.html;retractable-pvc-roof/index.html;guillotina-de-cristal/manilva/index.html;guillotina-de-cristal/torremolinos/index.html;guillotina-de-cristal/sabinillas/index.html;guillotina-de-cristal/estepona/index.html;guillotina-de-cristal/mijas/index.html;guillotina-de-cristal/benalmadena/index.html;guillotina-de-cristal/sotogrande/index.html;guillotina-de-cristal/marbella/index.html;guillotina-de-cristal/nerja/index.html;guillotina-de-cristal/fuengirola/index.html;guillotina-de-cristal/malaga/index.html"
"Assets/logo/phoneWhite.png","css/styles.css"
"Assets/logo/favicon.png","blog.html;index.html;contact.html;bioclimatic.html;como-cerrar-una-terraza-sin-obra.html;guillotine-glass.html;permiso-comunidad-cerrar-terraza-andalucia.html;pergola-bioclimatica-vs-toldo-tradicional-costa-del-sol.html;glass-curtain-walls.html;politica-de-privacidad.html;company.html;zip-screen.html;paravientos-de-cristal.html;retractable-pvc-roof.html;paravientos-de-cristal/index.html;guillotine-glass/index.html;contact/index.html;precios-de-cerramientos-de-aluminio/index.html;recambios-para-cortinas-de-cristal/index.html;como-cerrar-una-terraza-sin-obra/index.html;bioclimatic/index.html;zip-screen/index.html;seo-generator/template.html;cortinas-de-cristal-inconvenientes/index.html;techos-retractiles/manilva/index.html;techos-retractiles/torremolinos/index.html;techos-retractiles/sabinillas/index.html;techos-retractiles/estepona/index.html;techos-retractiles/mijas/index.html;techos-retractiles/benalmadena/index.html;techos-retractiles/sotogrande/index.html;techos-retractiles/marbella/index.html;techos-retractiles/nerja/index.html;techos-retractiles/fuengirola/index.html;techos-retractiles/malaga/index.html;blog/index.html;toldos-zip/manilva/index.html;toldos-zip/torremolinos/index.html;toldos-zip/sabinillas/index.html;toldos-zip/estepona/index.html;toldos-zip/mijas/index.html;toldos-zip/benalmadena/index.html;toldos-zip/sotogrande/index.html;toldos-zip/marbella/index.html;toldos-zip/nerja/index.html;toldos-zip/fuengirola/index.html;toldos-zip/malaga/index.html;ideas-para-cerrar-un-porche-en-invierno/index.html;cerramientos-de-terrazas-cristal-precio-m2/index.html;glass-curtain-walls/index.html;retractable-pvc-roof/index.html;company/index.html;guillotina-de-cristal/manilva/index.html;guillotina-de-cristal/torremolinos/index.html;guillotina-de-cristal/sabinillas/index.html;guillotina-de-cristal/estepona/index.html;guillotina-de-cristal/mijas/index.html;guillotina-de-cristal/benalmadena/index.html;guillotina-de-cristal/sotogrande/index.html;guillotina-de-cristal/marbella/index.html;guillotina-de-cristal/nerja/index.html;guillotina-de-cristal/fuengirola/index.html;guillotina-de-cristal/malaga/index.html"
"Assets/logo/download.webp","blog.html;index.html;contact.html;fix-footer-glitch.py;bioclimatic.html;como-cerrar-una-terraza-sin-obra.html;guillotine-glass.html;permiso-comunidad-cerrar-terraza-andalucia.html;pergola-bioclimatica-vs-toldo-tradicional-costa-del-sol.html;glass-curtain-walls.html;politica-de-privacidad.html;company.html;zip-screen.html;paravientos-de-cristal.html;retractable-pvc-roof.html;paravientos-de-cristal/index.html;guillotine-glass/index.html;contact/index.html;precios-de-cerramientos-de-aluminio/index.html;recambios-para-cortinas-de-cristal/index.html;como-cerrar-una-terraza-sin-obra/index.html;dist/index.html;dist/cerramientos-de-cristal-estepona/index.html;dist/precios-de-cerramientos-de-aluminio/index.html;dist/recambios-para-cortinas-de-cristal/index.html;dist/como-cerrar-una-terraza-sin-obra/index.html;dist/paraviento-de-cristal-marbella/index.html;dist/paraviento-de-cristal-sotogrande/index.html;dist/cerramientos-de-cristal-mijas/index.html;dist/paraviento-de-cristal-fuengirola/index.html;dist/cortinas-de-cristal-inconvenientes/index.html;dist/paraviento-de-cristal-mijas/index.html;dist/pergolas-bioclimaticas-marbella/index.html;dist/cerramientos-de-cristal-marbella/index.html;dist/ideas-para-cerrar-un-porche-en-invierno/index.html;dist/pergolas-bioclimaticas-mijas/index.html;dist/cerramientos-de-terrazas-cristal-precio-m2/index.html;dist/cerramientos-de-cristal-fuengirola/index.html;dist/paraviento-de-cristal-estepona/index.html;dist/cerramientos-de-cristal-sotogrande/index.html;dist/pergolas-bioclimaticas-fuengirola/index.html;dist/pergolas-bioclimaticas-sotogrande/index.html;dist/pergolas-bioclimaticas-estepona/index.html;bioclimatic/index.html;zip-screen/index.html;seo-generator/template.html;cortinas-de-cristal-inconvenientes/index.html;techos-retractiles/manilva/index.html;techos-retractiles/torremolinos/index.html;techos-retractiles/sabinillas/index.html;techos-retractiles/estepona/index.html;techos-retractiles/mijas/index.html;techos-retractiles/benalmadena/index.html;techos-retractiles/sotogrande/index.html;techos-retractiles/marbella/index.html;techos-retractiles/nerja/index.html;techos-retractiles/fuengirola/index.html;techos-retractiles/malaga/index.html;blog/index.html;toldos-zip/manilva/index.html;toldos-zip/torremolinos/index.html;toldos-zip/sabinillas/index.html;toldos-zip/estepona/index.html;toldos-zip/mijas/index.html;toldos-zip/benalmadena/index.html;toldos-zip/sotogrande/index.html;toldos-zip/marbella/index.html;toldos-zip/nerja/index.html;toldos-zip/fuengirola/index.html;toldos-zip/malaga/index.html;ideas-para-cerrar-un-porche-en-invierno/index.html;cerramientos-de-terrazas-cristal-precio-m2/index.html;glass-curtain-walls/index.html;retractable-pvc-roof/index.html;company/index.html;guillotina-de-cristal/manilva/index.html;guillotina-de-cristal/torremolinos/index.html;guillotina-de-cristal/sabinillas/index.html;guillotina-de-cristal/estepona/index.html;guillotina-de-cristal/mijas/index.html;guillotina-de-cristal/benalmadena/index.html;guillotina-de-cristal/sotogrande/index.html;guillotina-de-cristal/marbella/index.html;guillotina-de-cristal/nerja/index.html;guillotina-de-cristal/fuengirola/index.html;guillotina-de-cristal/malaga/index.html"
"Assets/logo/phoneBlack.png","css/styles.css"
